Fundo,Tipo,Data Com,Data Pgto,Valor
BTAL11,Rendimento,19/08/2024,26/08/2024,"0,84"
BTAL11,Rendimento,17/07/2024,24/07/2024,"0,84"
BTAL11,Rendimento,19/06/2024,26/06/2024,"0,84"
BTAL11,Rendimento,20/05/2024,27/05/2024,"0,84"
BTAL11,Rendimento,17/04/2024,24/04/2024,"0,65"
BTAL11,Rendimento,19/03/2024,26/03/2024,"0,65"
BTAL11,Rendimento,21/02/2024,28/02/2024,"0,65"
BTAL11,Rendimento,18/01/2024,25/01/2024,"0,65"
BTAL11,Rendimento,19/12/2023,27/12/2023,"0,64"
BTAL11,Rendimento,21/11/2023,28/11/2023,"0,68"
BTAL11,Rendimento,19/10/2023,26/10/2023,"0,71"
BTAL11,Rendimento,20/09/2023,27/09/2023,"0,71"
BTAL11,Rendimento,17/08/2023,24/08/2023,"0,73"
BTAL11,Rendimento,19/07/2023,26/07/2023,"0,73"
BTAL11,Rendimento,20/06/2023,27/06/2023,"0,76"
BTAL11,Rendimento,18/05/2023,25/05/2023,"0,80"
BTAL11,Rendimento,20/04/2023,28/04/2023,"0,83"
BTAL11,Rendimento,17/03/2023,24/03/2023,"0,83"
BTAL11,Rendimento,17/02/2023,28/02/2023,"0,83"
BTAL11,Rendimento,18/01/2023,25/01/2023,"0,83"
BTAL11,Rendimento,19/12/2022,26/12/2022,"0,83"
BTAL11,Rendimento,21/11/2022,28/11/2022,"0,83"
BTAL11,Rendimento,20/10/2022,27/10/2022,"0,83"
BTAL11,Rendimento,20/09/2022,27/09/2022,"0,83"
BTAL11,Rendimento,17/08/2022,24/08/2022,"0,83"
BTAL11,Rendimento,19/07/2022,26/07/2022,"0,83"
BTAL11,Rendimento,20/06/2022,27/06/2022,"0,83"
BTAL11,Rendimento,18/05/2022,25/05/2022,"0,83"
BTAL11,Rendimento,20/04/2022,28/04/2022,"0,83"
BTAL11,Rendimento,18/03/2022,25/03/2022,"0,80"
BTAL11,Rendimento,17/02/2022,24/02/2022,"0,80"
BTAL11,Rendimento,19/01/2022,26/01/2022,"0,83"
BTAL11,Rendimento,17/12/2021,27/12/2021,"0,80"
BTAL11,Rendimento,19/11/2021,26/11/2021,"0,80"
BTAL11,Rendimento,20/10/2021,27/10/2021,"0,80"
BTAL11,Rendimento,20/09/2021,27/09/2021,"0,79"
BTAL11,Rendimento,18/08/2021,25/08/2021,"0,70"
BTAL11,Rendimento,20/07/2021,27/07/2021,"0,66"
BTAL11,Rendimento,18/06/2021,25/06/2021,"0,56"
BTAL11,Rendimento,19/05/2021,26/05/2021,"0,48"
BTAL11,Rendimento,20/04/2021,28/04/2021,"0,35"
BTAL11,Rendimento,17/03/2021,24/03/2021,"0,16"
CACR11,Rendimento,31/07/2024,08/08/2024,"1,30"
CACR11,Rendimento,28/06/2024,08/07/2024,"1,46"
CACR11,Rendimento,31/05/2024,10/06/2024,"1,41"
CACR11,Rendimento,30/04/2024,09/05/2024,"1,39"
CACR11,Rendimento,28/03/2024,08/04/2024,"1,37"
CACR11,Rendimento,29/02/2024,08/03/2024,"1,35"
CACR11,Rendimento,31/01/2024,08/02/2024,"1,35"
CACR11,Rendimento,28/12/2023,09/01/2024,"1,48"
CACR11,Rendimento,30/11/2023,08/12/2023,"1,42"
CACR11,Rendimento,31/10/2023,09/11/2023,"1,40"
CACR11,Rendimento,29/09/2023,09/10/2023,"1,42"
CACR11,Rendimento,31/08/2023,11/09/2023,"1,43"
CACR11,Rendimento,31/07/2023,08/08/2023,"1,42"
CACR11,Rendimento,30/06/2023,10/07/2023,"1,61"
CACR11,Rendimento,31/05/2023,09/06/2023,"1,52"
CACR11,Rendimento,28/04/2023,09/05/2023,"1,51"
CACR11,Rendimento,31/03/2023,11/04/2023,"1,44"
CACR11,Rendimento,28/02/2023,08/03/2023,"1,42"
CACR11,Rendimento,31/01/2023,08/02/2023,"1,40"
CACR11,Rendimento,29/12/2022,09/01/2023,"1,47"
CACR11,Rendimento,30/11/2022,08/12/2022,"1,42"
CACR11,Rendimento,31/10/2022,09/11/2022,"1,44"
CACR11,Rendimento,30/09/2022,10/10/2022,"1,56"
CACR11,Rendimento,31/08/2022,09/09/2022,"1,54"
CACR11,Rendimento,29/07/2022,08/08/2022,"1,52"
CACR11,Rendimento,30/06/2022,08/07/2022,"1,38"
CACR11,Rendimento,31/05/2022,08/06/2022,"1,41"
CACR11,Rendimento,29/04/2022,09/05/2022,"1,50"
CACR11,Rendimento,31/03/2022,08/04/2022,"1,44"
CACR11,Rendimento,25/02/2022,09/03/2022,"1,50"
CACR11,Rendimento,25/02/2022,08/03/2022,"1,50"
CACR11,Rendimento,31/01/2022,08/02/2022,"1,50"
CACR11,Rendimento,30/12/2021,10/01/2022,"1,59"
CACR11,Rendimento,30/11/2021,08/12/2021,"1,51"
CVBI11,Rendimento,08/08/2024,15/08/2024,"0,97"
CVBI11,Rendimento,08/07/2024,15/07/2024,"0,88"
CVBI11,Rendimento,10/06/2024,17/06/2024,"0,85"
CVBI11,Rendimento,09/05/2024,16/05/2024,"1,11"
CVBI11,Rendimento,08/04/2024,15/04/2024,"1,08"
CVBI11,Rendimento,08/03/2024,15/03/2024,"0,95"
CVBI11,Rendimento,08/02/2024,19/02/2024,"1,05"
CVBI11,Rendimento,09/01/2024,16/01/2024,"0,85"
CVBI11,Rendimento,08/12/2023,15/12/2023,"0,80"
CVBI11,Rendimento,09/11/2023,17/11/2023,"0,75"
CVBI11,Rendimento,09/10/2023,17/10/2023,"0,70"
CVBI11,Rendimento,11/09/2023,18/09/2023,"0,90"
CVBI11,Rendimento,08/08/2023,15/08/2023,"0,85"
CVBI11,Rendimento,10/07/2023,17/07/2023,"1,05"
CVBI11,Rendimento,09/06/2023,16/06/2023,"1,10"
CVBI11,Rendimento,09/05/2023,16/05/2023,"1,05"
CVBI11,Rendimento,11/04/2023,18/04/2023,"1,05"
CVBI11,Rendimento,08/03/2023,15/03/2023,"1,00"
CVBI11,Rendimento,08/02/2023,15/02/2023,"1,10"
CVBI11,Rendimento,09/01/2023,16/01/2023,"1,10"
CVBI11,Rendimento,08/12/2022,15/12/2022,"0,75"
CVBI11,Rendimento,09/11/2022,17/11/2022,"0,66"
CVBI11,Rendimento,10/10/2022,18/10/2022,"0,66"
CVBI11,Rendimento,09/09/2022,16/09/2022,"0,74"
CVBI11,Rendimento,08/08/2022,15/08/2022,"1,00"
CVBI11,Rendimento,08/07/2022,15/07/2022,"1,30"
CVBI11,Rendimento,09/06/2022,17/06/2022,"1,50"
CVBI11,Rendimento,09/05/2022,16/05/2022,"1,50"
CVBI11,Rendimento,08/04/2022,18/04/2022,"1,12"
CVBI11,Rendimento,09/03/2022,16/03/2022,"1,12"
CVBI11,Rendimento,08/02/2022,15/02/2022,"1,12"
CVBI11,Rendimento,10/01/2022,17/01/2022,"1,12"
CVBI11,Rendimento,08/12/2021,15/12/2021,"1,12"
CVBI11,Rendimento,09/11/2021,17/11/2021,"1,12"
CVBI11,Rendimento,08/10/2021,18/10/2021,"1,23"
CVBI11,Rendimento,09/09/2021,16/09/2021,"1,00"
CVBI11,Rendimento,09/08/2021,16/08/2021,"0,85"
CVBI11,Rendimento,08/07/2021,16/07/2021,"1,00"
CVBI11,Rendimento,09/06/2021,16/06/2021,"1,00"
CVBI11,Rendimento,10/05/2021,17/05/2021,"1,00"
CVBI11,Rendimento,09/04/2021,16/04/2021,"0,85"
CVBI11,Rendimento,08/03/2021,16/03/2021,"1,24"
CVBI11,Rendimento,08/02/2021,17/02/2021,"1,24"
CVBI11,Rendimento,11/01/2021,18/01/2021,"1,95"
CVBI11,Rendimento,08/12/2020,15/12/2020,"1,50"
CVBI11,Rendimento,10/11/2020,17/11/2020,"1,00"
CVBI11,Rendimento,08/10/2020,16/10/2020,"0,75"
CVBI11,Rendimento,09/09/2020,16/09/2020,"0,67"
CVBI11,Rendimento,10/08/2020,17/08/2020,"0,60"
CVBI11,Rendimento,08/07/2020,15/07/2020,"0,63"
CVBI11,Rendimento,08/06/2020,16/06/2020,"0,50"
CVBI11,Rendimento,11/05/2020,18/05/2020,"0,55"
CVBI11,Rendimento,08/04/2020,16/04/2020,"0,60"
CVBI11,Rendimento,10/03/2020,17/03/2020,"0,73"
CVBI11,Rendimento,07/02/2020,14/02/2020,"0,90"
CVBI11,Rendimento,08/01/2020,15/01/2020,"0,75"
CVBI11,Rendimento,06/12/2019,13/12/2019,"0,63"
CVBI11,Rendimento,07/11/2019,14/11/2019,"0,51"
CVBI11,Rendimento,07/10/2019,14/10/2019,"0,45"
CVBI11,Rendimento,10/09/2019,17/09/2019,"0,38"
CVBI11,Rendimento,19/08/2019,20/08/2019,"0,65"
FATN11,Rendimento,06/08/2024,14/08/2024,"0,85"
FATN11,Rendimento,04/07/2024,12/07/2024,"0,85"
FATN11,Rendimento,06/06/2024,14/06/2024,"0,85"
FATN11,Rendimento,07/05/2024,15/05/2024,"0,85"
FATN11,Rendimento,04/04/2024,12/04/2024,"0,85"
FATN11,Rendimento,06/03/2024,14/03/2024,"0,85"
FATN11,Rendimento,06/02/2024,16/02/2024,"0,85"
FATN11,Rendimento,05/01/2024,15/01/2024,"0,85"
FATN11,Rendimento,06/12/2023,14/12/2023,"0,85"
FATN11,Rendimento,07/11/2023,16/11/2023,"0,85"
FATN11,Rendimento,05/10/2023,16/10/2023,"0,85"
FATN11,Rendimento,06/09/2023,15/09/2023,"0,85"
FATN11,Rendimento,04/08/2023,14/08/2023,"0,84"
FATN11,Rendimento,06/07/2023,14/07/2023,"0,84"
FATN11,Rendimento,06/06/2023,15/06/2023,"0,83"
FATN11,Rendimento,05/05/2023,15/05/2023,"0,82"
FATN11,Rendimento,06/04/2023,17/04/2023,"0,83"
FATN11,Rendimento,06/03/2023,14/03/2023,"0,74"
FATN11,Rendimento,06/02/2023,14/02/2023,"0,90"
FATN11,Rendimento,05/01/2023,13/01/2023,"0,92"
FATN11,Rendimento,06/12/2022,14/12/2022,"0,80"
FATN11,Rendimento,07/11/2022,16/11/2022,"0,90"
FATN11,Rendimento,06/10/2022,17/10/2022,"0,89"
FATN11,Rendimento,06/09/2022,15/09/2022,"0,86"
FATN11,Rendimento,04/08/2022,12/08/2022,"0,86"
FATN11,Rendimento,06/07/2022,14/07/2022,"0,84"
FATN11,Rendimento,06/06/2022,14/06/2022,"0,83"
FATN11,Rendimento,05/05/2022,13/05/2022,"0,80"
FATN11,Rendimento,06/04/2022,14/04/2022,"0,78"
FATN11,Rendimento,07/03/2022,15/03/2022,"0,76"
FATN11,Rendimento,04/02/2022,14/02/2022,"0,76"
FATN11,Rendimento,06/01/2022,14/01/2022,"0,79"
FATN11,Rendimento,06/12/2021,14/12/2021,"0,71"
FATN11,Rendimento,05/11/2021,16/11/2021,"0,74"
FATN11,Rendimento,05/10/2021,15/10/2021,"0,75"
FATN11,Rendimento,06/09/2021,15/09/2021,"0,67"
FATN11,Rendimento,05/08/2021,13/08/2021,"0,67"
FATN11,Rendimento,06/07/2021,14/07/2021,"0,67"
FATN11,Rendimento,07/06/2021,15/06/2021,"0,67"
FATN11,Rendimento,06/05/2021,14/05/2021,"0,67"
FATN11,Rendimento,07/04/2021,15/04/2021,"0,66"
FATN11,Rendimento,04/03/2021,12/03/2021,"0,66"
FATN11,Rendimento,04/02/2021,12/02/2021,"0,62"
FATN11,Rendimento,07/01/2021,15/01/2021,"0,59"
FATN11,Rendimento,04/12/2020,14/12/2020,"0,57"
FATN11,Rendimento,06/11/2020,16/11/2020,"0,57"
FATN11,Rendimento,06/10/2020,15/10/2020,"0,61"
FATN11,Rendimento,04/09/2020,15/09/2020,"0,54"
FATN11,Rendimento,06/08/2020,14/08/2020,"0,53"
FATN11,Rendimento,06/07/2020,15/07/2020,"0,40"
GTWR11,Rendimento,31/07/2024,14/08/2024,"0,79"
GTWR11,Rendimento,28/06/2024,12/07/2024,"0,79"
GTWR11,Rendimento,31/05/2024,14/06/2024,"0,79"
GTWR11,Rendimento,30/04/2024,15/05/2024,"0,79"
GTWR11,Rendimento,28/03/2024,12/04/2024,"0,79"
GTWR11,Rendimento,29/02/2024,14/03/2024,"0,79"
GTWR11,Rendimento,31/01/2024,16/02/2024,"0,79"
GTWR11,Rendimento,28/12/2023,15/01/2024,"0,79"
GTWR11,Rendimento,30/11/2023,14/12/2023,"0,79"
GTWR11,Rendimento,31/10/2023,16/11/2023,"0,79"
GTWR11,Rendimento,29/09/2023,16/10/2023,"0,79"
GTWR11,Rendimento,31/08/2023,15/09/2023,"0,79"
GTWR11,Rendimento,31/07/2023,14/08/2023,"0,79"
GTWR11,Rendimento,30/06/2023,14/07/2023,"0,79"
GTWR11,Rendimento,31/05/2023,15/06/2023,"0,79"
GTWR11,Rendimento,28/04/2023,15/05/2023,"0,79"
GTWR11,Rendimento,31/03/2023,17/04/2023,"0,79"
GTWR11,Rendimento,28/02/2023,14/03/2023,"0,79"
GTWR11,Rendimento,31/01/2023,14/02/2023,"0,79"
GTWR11,Rendimento,29/12/2022,13/01/2023,"0,79"
GTWR11,Rendimento,30/11/2022,14/12/2022,"0,74"
GTWR11,Rendimento,31/10/2022,16/11/2022,"0,74"
GTWR11,Rendimento,30/09/2022,17/10/2022,"0,74"
GTWR11,Rendimento,31/08/2022,15/09/2022,"0,74"
GTWR11,Rendimento,29/07/2022,12/08/2022,"0,74"
GTWR11,Rendimento,30/06/2022,14/07/2022,"0,74"
GTWR11,Rendimento,31/05/2022,14/06/2022,"0,74"
GTWR11,Rendimento,29/04/2022,13/05/2022,"0,74"
GTWR11,Rendimento,31/03/2022,14/04/2022,"0,74"
GTWR11,Rendimento,25/02/2022,15/03/2022,"0,74"
GTWR11,Rendimento,31/01/2022,14/02/2022,"0,74"
GTWR11,Rendimento,30/12/2021,14/01/2022,"0,74"
GTWR11,Rendimento,30/11/2021,14/12/2021,"0,67"
GTWR11,Rendimento,29/10/2021,16/11/2021,"0,67"
GTWR11,Rendimento,30/09/2021,15/10/2021,"0,67"
GTWR11,Rendimento,31/08/2021,15/09/2021,"0,67"
GTWR11,Rendimento,30/07/2021,13/08/2021,"0,67"
GTWR11,Rendimento,30/06/2021,15/07/2021,"0,67"
GTWR11,Rendimento,31/05/2021,15/06/2021,"0,67"
GTWR11,Rendimento,30/04/2021,14/05/2021,"0,67"
GTWR11,Rendimento,31/03/2021,15/04/2021,"0,67"
GTWR11,Rendimento,26/02/2021,12/03/2021,"0,67"
GTWR11,Rendimento,29/01/2021,12/02/2021,"0,69"
GTWR11,Rendimento,30/12/2020,15/01/2021,"0,69"
GTWR11,Rendimento,30/11/2020,14/12/2020,"0,69"
GTWR11,Rendimento,30/10/2020,16/11/2020,"0,69"
GTWR11,Rendimento,30/09/2020,15/10/2020,"0,69"
GTWR11,Rendimento,31/08/2020,15/09/2020,"0,69"
GTWR11,Rendimento,31/07/2020,14/08/2020,"0,69"
GTWR11,Rendimento,30/06/2020,14/07/2020,"0,69"
GTWR11,Rendimento,29/05/2020,15/06/2020,"0,69"
GTWR11,Rendimento,30/04/2020,15/05/2020,"0,69"
GTWR11,Rendimento,31/03/2020,15/04/2020,"0,69"
GTWR11,Rendimento,28/02/2020,13/03/2020,"0,69"
GTWR11,Rendimento,31/01/2020,14/02/2020,"0,69"
GTWR11,Rendimento,30/12/2019,15/01/2020,"0,69"
GTWR11,Rendimento,29/11/2019,13/12/2019,"0,67"
GTWR11,Rendimento,31/10/2019,14/11/2019,"0,67"
GTWR11,Rendimento,30/09/2019,14/10/2019,"0,67"
GTWR11,Rendimento,30/08/2019,13/09/2019,"0,67"
GTWR11,Rendimento,31/07/2019,14/08/2019,"0,67"
GTWR11,Rendimento,28/06/2019,15/07/2019,"0,67"
GTWR11,Rendimento,31/05/2019,14/06/2019,"0,67"
GTWR11,Rendimento,30/04/2019,09/05/2019,"0,67"
GTWR11,Rendimento,29/03/2019,05/04/2019,"1,21"
HABT11,Rendimento,31/07/2024,12/08/2024,"1,00"
HABT11,Rendimento,28/06/2024,12/07/2024,"1,00"
HABT11,Rendimento,31/05/2024,12/06/2024,"1,05"
HABT11,Rendimento,30/04/2024,12/05/2024,"1,13"
HABT11,Rendimento,28/03/2024,12/04/2024,"1,10"
HABT11,Rendimento,29/02/2024,12/03/2024,"1,05"
HABT11,Rendimento,31/01/2024,09/02/2024,"1,00"
HABT11,Rendimento,28/12/2023,12/01/2024,"0,98"
HABT11,Rendimento,30/11/2023,12/12/2023,"1,00"
HABT11,Rendimento,31/10/2023,10/11/2023,"1,00"
HABT11,Rendimento,29/09/2023,11/10/2023,"1,00"
HABT11,Rendimento,31/08/2023,12/09/2023,"1,00"
HABT11,Rendimento,31/07/2023,14/08/2023,"1,20"
HABT11,Rendimento,31/07/2023,11/08/2023,"1,20"
HABT11,Rendimento,30/06/2023,12/07/2023,"1,20"
HABT11,Rendimento,31/05/2023,12/06/2023,"1,30"
HABT11,Rendimento,28/04/2023,12/05/2023,"1,27"
HABT11,Rendimento,31/03/2023,12/04/2023,"1,25"
HABT11,Rendimento,28/02/2023,10/03/2023,"1,20"
HABT11,Rendimento,31/01/2023,10/02/2023,"1,18"
HABT11,Rendimento,29/12/2022,12/01/2023,"1,17"
HABT11,Rendimento,30/11/2022,12/12/2022,"0,92"
HABT11,Rendimento,31/10/2022,11/11/2022,"0,90"
HABT11,Rendimento,30/09/2022,11/10/2022,"1,00"
HABT11,Rendimento,31/08/2022,12/09/2022,"1,03"
HABT11,Rendimento,29/07/2022,12/08/2022,"1,30"
HABT11,Rendimento,30/06/2022,12/07/2022,"1,30"
HABT11,Rendimento,31/05/2022,10/06/2022,"1,40"
HABT11,Rendimento,29/04/2022,12/05/2022,"1,25"
HABT11,Rendimento,31/03/2022,12/04/2022,"1,20"
HABT11,Rendimento,25/02/2022,11/03/2022,"1,30"
HABT11,Rendimento,31/01/2022,11/02/2022,"1,20"
HABT11,Rendimento,30/12/2021,12/01/2022,"1,30"
HABT11,Rendimento,30/11/2021,10/12/2021,"1,50"
HABT11,Rendimento,29/10/2021,12/11/2021,"1,50"
HABT11,Rendimento,30/09/2021,11/10/2021,"1,50"
HABT11,Rendimento,31/08/2021,10/09/2021,"1,50"
HABT11,Rendimento,30/07/2021,12/08/2021,"1,60"
HABT11,Rendimento,30/06/2021,12/07/2021,"2,00"
HABT11,Rendimento,31/05/2021,11/06/2021,"1,80"
HABT11,Rendimento,30/04/2021,12/05/2021,"1,80"
HABT11,Rendimento,31/03/2021,12/04/2021,"1,50"
HABT11,Rendimento,26/02/2021,12/03/2021,"1,25"
HABT11,Rendimento,29/01/2021,12/02/2021,"1,25"
HABT11,Rendimento,30/12/2020,15/01/2021,"1,50"
HABT11,Rendimento,30/11/2020,11/12/2020,"1,85"
HABT11,Rendimento,30/10/2020,12/11/2020,"1,31"
HABT11,Rendimento,30/09/2020,09/10/2020,"1,00"
HABT11,Rendimento,31/08/2020,11/09/2020,"0,97"
HABT11,Rendimento,31/07/2020,12/08/2020,"0,92"
HABT11,Rendimento,30/06/2020,10/07/2020,"0,60"
HABT11,Rendimento,29/05/2020,12/06/2020,"0,70"
HABT11,Rendimento,30/04/2020,12/05/2020,"0,71"
HABT11,Rendimento,31/03/2020,09/04/2020,"0,83"
HABT11,Rendimento,28/02/2020,12/03/2020,"0,80"
HABT11,Rendimento,31/01/2020,12/02/2020,"1,29"
HABT11,Rendimento,30/12/2019,10/01/2020,"0,93"
HABT11,Rendimento,29/11/2019,12/12/2019,"0,78"
HABT11,Rendimento,31/10/2019,12/11/2019,"0,78"
HABT11,Rendimento,30/09/2019,11/10/2019,"1,10"
HTMX11,Rendimento,31/07/2024,07/08/2024,"2,30"
HTMX11,Rendimento,28/06/2024,05/07/2024,"1,41"
HTMX11,Rendimento,31/05/2024,07/06/2024,"1,98"
HTMX11,Rendimento,30/04/2024,08/05/2024,"2,19"
HTMX11,Rendimento,28/03/2024,05/04/2024,"1,66"
HTMX11,Rendimento,29/02/2024,07/03/2024,"2,60"
HTMX11,Rendimento,31/01/2024,07/02/2024,"0,86"
HTMX11,Rendimento,28/12/2023,08/01/2024,"3,25"
HTMX11,Rendimento,30/11/2023,07/12/2023,"3,70"
HTMX11,Rendimento,31/10/2023,08/11/2023,"3,70"
HTMX11,Rendimento,29/09/2023,06/10/2023,"2,85"
HTMX11,Rendimento,31/08/2023,08/09/2023,"2,02"
HTMX11,Rendimento,31/07/2023,07/08/2023,"1,87"
HTMX11,Rendimento,30/06/2023,07/07/2023,"1,88"
HTMX11,Rendimento,31/05/2023,07/06/2023,"1,74"
HTMX11,Rendimento,28/04/2023,08/05/2023,"1,90"
HTMX11,Rendimento,31/03/2023,10/04/2023,"0,63"
HTMX11,Rendimento,28/02/2023,07/03/2023,"0,63"
HTMX11,Rendimento,31/01/2023,07/02/2023,"0,74"
HTMX11,Rendimento,29/12/2022,06/01/2023,"1,26"
HTMX11,Rendimento,30/11/2022,07/12/2022,"1,27"
HTMX11,Rendimento,31/10/2022,08/11/2022,"0,91"
HTMX11,Rendimento,30/09/2022,07/10/2022,"0,90"
HTMX11,Rendimento,31/08/2022,08/09/2022,"0,86"
HTMX11,Rendimento,28/02/2020,06/03/2020,"0,71"
HTMX11,Rendimento,31/01/2020,07/02/2020,"0,58"
HTMX11,Rendimento,30/12/2019,08/01/2020,"0,47"
HTMX11,Rendimento,29/11/2019,06/12/2019,"0,98"
HTMX11,Rendimento,31/10/2019,07/11/2019,"1,04"
HTMX11,Rendimento,30/09/2019,07/10/2019,"0,93"
HTMX11,Rendimento,30/08/2019,06/09/2019,"0,55"
HTMX11,Rendimento,31/07/2019,07/08/2019,"0,62"
HTMX11,Rendimento,28/06/2019,05/07/2019,"0,64"
HTMX11,Rendimento,31/05/2019,07/06/2019,"1,60"
HTMX11,Rendimento,30/04/2019,08/05/2019,"1,07"
HTMX11,Rendimento,29/03/2019,05/04/2019,"0,77"
HTMX11,Rendimento,28/02/2019,11/03/2019,"0,58"
HTMX11,Rendimento,31/01/2019,07/02/2019,"1,08"
HTMX11,Rendimento,28/12/2018,08/01/2019,"1,31"
HTMX11,Rendimento,30/11/2018,07/12/2018,"0,99"
HTMX11,Rendimento,31/10/2018,08/11/2018,"1,23"
HTMX11,Rendimento,28/09/2018,05/10/2018,"0,79"
HTMX11,Rendimento,31/08/2018,10/09/2018,"0,95"
HTMX11,Rendimento,31/07/2018,07/08/2018,"0,50"
HTMX11,Rendimento,29/06/2018,06/07/2018,"0,57"
HTMX11,Rendimento,30/05/2018,07/06/2018,"0,51"
HTMX11,Rendimento,30/04/2018,08/05/2018,"0,63"
HTMX11,Rendimento,29/03/2018,06/04/2018,"0,43"
HTMX11,Rendimento,28/02/2018,07/03/2018,"0,33"
HTMX11,Rendimento,31/01/2018,07/02/2018,"0,71"
HTMX11,Rendimento,28/12/2017,08/01/2018,"0,96"
HTMX11,Rendimento,30/11/2017,07/12/2017,"0,89"
HTMX11,Rendimento,31/10/2017,08/11/2017,"0,39"
HTMX11,Rendimento,29/09/2017,06/10/2017,"0,48"
HTMX11,Rendimento,31/08/2017,08/09/2017,"0,50"
HTMX11,Rendimento,31/07/2017,07/08/2017,"0,70"
HTMX11,Rendimento,30/06/2017,07/07/2017,"0,74"
HTMX11,Rendimento,31/05/2017,07/06/2017,"1,06"
HTMX11,Rendimento,28/04/2017,08/05/2017,"0,75"
HTMX11,Rendimento,31/03/2017,07/04/2017,"0,27"
HTMX11,Rendimento,24/02/2017,07/03/2017,"0,17"
HTMX11,Rendimento,31/01/2017,07/02/2017,"0,30"
HTMX11,Rendimento,29/12/2016,06/01/2017,"0,49"
IRDM11,Rendimento,09/08/2024,16/08/2024,"0,74"
IRDM11,Rendimento,09/07/2024,16/07/2024,"0,74"
IRDM11,Rendimento,11/06/2024,18/06/2024,"0,74"
IRDM11,Rendimento,10/05/2024,17/05/2024,"0,81"
IRDM11,Rendimento,09/04/2024,16/04/2024,"0,80"
IRDM11,Rendimento,11/03/2024,18/03/2024,"0,78"
IRDM11,Rendimento,09/02/2024,20/02/2024,"0,75"
IRDM11,Rendimento,10/01/2024,17/01/2024,"0,70"
IRDM11,Rendimento,11/12/2023,18/12/2023,"0,77"
IRDM11,Rendimento,10/11/2023,20/11/2023,"0,71"
IRDM11,Rendimento,10/10/2023,18/10/2023,"0,80"
IRDM11,Rendimento,12/09/2023,19/09/2023,"0,74"
IRDM11,Rendimento,09/08/2023,16/08/2023,"0,81"
IRDM11,Rendimento,11/07/2023,18/07/2023,"0,87"
IRDM11,Rendimento,12/06/2023,19/06/2023,"0,87"
IRDM11,Rendimento,10/05/2023,17/05/2023,"0,91"
IRDM11,Rendimento,12/04/2023,19/04/2023,"0,91"
IRDM11,Rendimento,09/03/2023,16/03/2023,"0,93"
IRDM11,Rendimento,09/02/2023,16/02/2023,"0,95"
IRDM11,Rendimento,10/01/2023,17/01/2023,"0,90"
IRDM11,Rendimento,09/12/2022,16/12/2022,"0,70"
IRDM11,Rendimento,10/11/2022,18/11/2022,"0,79"
IRDM11,Rendimento,11/10/2022,19/10/2022,"0,85"
IRDM11,Rendimento,12/09/2022,19/09/2022,"1,27"
IRDM11,Rendimento,09/08/2022,16/08/2022,"1,33"
IRDM11,Rendimento,11/07/2022,18/07/2022,"1,29"
IRDM11,Rendimento,09/06/2022,17/06/2022,"1,35"
IRDM11,Rendimento,10/05/2022,17/05/2022,"1,26"
IRDM11,Rendimento,11/04/2022,19/04/2022,"1,18"
IRDM11,Rendimento,10/03/2022,17/03/2022,"1,22"
IRDM11,Rendimento,09/02/2022,16/02/2022,"1,08"
IRDM11,Rendimento,11/01/2022,18/01/2022,"1,43"
IRDM11,Rendimento,09/12/2021,16/12/2021,"1,13"
IRDM11,Rendimento,10/11/2021,18/11/2021,"1,37"
IRDM11,Rendimento,11/10/2021,19/10/2021,"1,05"
IRDM11,Rendimento,10/09/2021,17/09/2021,"1,13"
IRDM11,Rendimento,10/08/2021,17/08/2021,"1,15"
IRDM11,Rendimento,12/07/2021,19/07/2021,"0,97"
IRDM11,Rendimento,10/06/2021,17/06/2021,"1,15"
IRDM11,Rendimento,11/05/2021,18/05/2021,"1,16"
IRDM11,Rendimento,12/04/2021,19/04/2021,"1,28"
IRDM11,Rendimento,09/03/2021,16/03/2021,"1,23"
IRDM11,Rendimento,09/02/2021,18/02/2021,"1,34"
IRDM11,Rendimento,12/01/2021,19/01/2021,"1,59"
IRDM11,Rendimento,09/12/2020,16/12/2020,"1,38"
IRDM11,Rendimento,11/11/2020,18/11/2020,"1,22"
IRDM11,Rendimento,09/10/2020,19/10/2020,"1,16"
IRDM11,Rendimento,10/09/2020,17/09/2020,"1,05"
IRDM11,Rendimento,11/08/2020,18/08/2020,"0,85"
IRDM11,Rendimento,09/07/2020,16/07/2020,"0,93"
IRDM11,Rendimento,09/06/2020,17/06/2020,"0,77"
IRDM11,Rendimento,12/05/2020,19/05/2020,"0,70"
IRDM11,Rendimento,09/04/2020,17/04/2020,"0,70"
IRDM11,Rendimento,10/03/2020,17/03/2020,"0,95"
IRDM11,Rendimento,11/02/2020,18/02/2020,"1,04"
IRDM11,Rendimento,10/01/2020,17/01/2020,"0,80"
IRDM11,Rendimento,10/12/2019,17/12/2019,"1,28"
IRDM11,Rendimento,11/11/2019,19/11/2019,"0,80"
IRDM11,Rendimento,09/10/2019,16/10/2019,"0,79"
IRDM11,Rendimento,10/09/2019,17/09/2019,"1,15"
IRDM11,Rendimento,09/08/2019,16/08/2019,"0,64"
IRDM11,Rendimento,10/07/2019,17/07/2019,"0,85"
IRDM11,Rendimento,11/06/2019,18/06/2019,"0,80"
IRDM11,Rendimento,10/05/2019,17/05/2019,"0,79"
IRDM11,Rendimento,09/04/2019,16/04/2019,"0,82"
IRDM11,Rendimento,13/03/2019,20/03/2019,"0,54"
IRDM11,Rendimento,11/02/2019,18/02/2019,"0,79"
IRDM11,Rendimento,10/01/2019,17/01/2019,"0,86"
IRDM11,Rendimento,11/12/2018,18/12/2018,"0,97"
IRDM11,Rendimento,12/11/2018,21/11/2018,"0,92"
IRDM11,Rendimento,09/10/2018,17/10/2018,"0,66"
IRDM11,Rendimento,12/09/2018,19/09/2018,"0,91"
IRDM11,Rendimento,09/08/2018,16/08/2018,"0,85"
IRDM11,Rendimento,11/07/2018,18/07/2018,"0,73"
IRDM11,Rendimento,11/06/2018,18/06/2018,"0,34"
IRDM11,Rendimento,10/05/2018,17/05/2018,"0,35"
IRDM11,Rendimento,10/04/2018,17/04/2018,"0,36"
RBRY11,Rendimento,09/08/2024,16/08/2024,"1,00"
RBRY11,Rendimento,09/07/2024,16/07/2024,"1,00"
RBRY11,Rendimento,11/06/2024,18/06/2024,"0,95"
RBRY11,Rendimento,10/05/2024,17/05/2024,"0,95"
RBRY11,Rendimento,09/04/2024,16/04/2024,"1,00"
RBRY11,Rendimento,11/03/2024,18/03/2024,"1,01"
RBRY11,Rendimento,09/02/2024,20/02/2024,"1,05"
RBRY11,Rendimento,10/01/2024,17/01/2024,"1,00"
RBRY11,Rendimento,11/12/2023,18/12/2023,"1,00"
RBRY11,Rendimento,10/11/2023,20/11/2023,"1,00"
RBRY11,Rendimento,10/10/2023,18/10/2023,"1,20"
RBRY11,Rendimento,12/09/2023,19/09/2023,"1,20"
RBRY11,Rendimento,09/08/2023,16/08/2023,"1,20"
RBRY11,Rendimento,11/07/2023,18/07/2023,"1,25"
RBRY11,Rendimento,12/06/2023,19/06/2023,"1,25"
RBRY11,Rendimento,10/05/2023,17/05/2023,"1,25"
RBRY11,Rendimento,12/04/2023,19/04/2023,"1,25"
RBRY11,Rendimento,09/03/2023,16/03/2023,"1,20"
RBRY11,Rendimento,09/02/2023,16/02/2023,"1,15"
RBRY11,Rendimento,10/01/2023,17/01/2023,"1,10"
RBRY11,Rendimento,09/12/2022,16/12/2022,"1,00"
RBRY11,Rendimento,10/11/2022,18/11/2022,"1,00"
RBRY11,Rendimento,11/10/2022,19/10/2022,"1,00"
RBRY11,Rendimento,12/09/2022,19/09/2022,"1,20"
RBRY11,Rendimento,09/08/2022,16/08/2022,"1,35"
RBRY11,Rendimento,11/07/2022,18/07/2022,"1,41"
RBRY11,Rendimento,09/06/2022,17/06/2022,"1,25"
RBRY11,Rendimento,10/05/2022,17/05/2022,"1,25"
RBRY11,Rendimento,11/04/2022,19/04/2022,"1,30"
RBRY11,Rendimento,10/03/2022,17/03/2022,"1,15"
RBRY11,Rendimento,09/02/2022,16/02/2022,"1,15"
RBRY11,Rendimento,11/01/2022,18/01/2022,"1,34"
RBRY11,Rendimento,09/12/2021,16/12/2021,"1,12"
RBRY11,Rendimento,10/11/2021,18/11/2021,"1,00"
RBRY11,Rendimento,11/10/2021,19/10/2021,"0,90"
RBRY11,Rendimento,10/09/2021,17/09/2021,"0,75"
RBRY11,Rendimento,06/08/2021,13/08/2021,"0,75"
RBRY11,Rendimento,12/07/2021,19/07/2021,"1,08"
RBRY11,Rendimento,10/06/2021,17/06/2021,"0,75"
RBRY11,Rendimento,11/05/2021,18/05/2021,"0,70"
RBRY11,Rendimento,12/04/2021,19/04/2021,"0,70"
RBRY11,Rendimento,09/03/2021,16/03/2021,"0,75"
RBRY11,Rendimento,05/02/2021,12/02/2021,"0,75"
RBRY11,Rendimento,12/01/2021,19/01/2021,"0,97"
RBRY11,Rendimento,09/12/2020,16/12/2020,"0,75"
RBRY11,Rendimento,11/11/2020,18/11/2020,"0,60"
RBRY11,Rendimento,09/10/2020,19/10/2020,"0,60"
RBRY11,Rendimento,10/09/2020,17/09/2020,"0,60"
RBRY11,Rendimento,07/08/2020,14/08/2020,"0,60"
RBRY11,Rendimento,09/07/2020,16/07/2020,"0,65"
RBRY11,Rendimento,09/06/2020,17/06/2020,"0,65"
RBRY11,Rendimento,12/05/2020,19/05/2020,"0,65"
RBRY11,Rendimento,09/04/2020,17/04/2020,"0,65"
RBRY11,Rendimento,10/03/2020,17/03/2020,"0,70"
RBRY11,Rendimento,07/02/2020,14/02/2020,"0,80"
RBRY11,Rendimento,10/01/2020,17/01/2020,"0,83"
RBRY11,Rendimento,10/12/2019,17/12/2019,"0,61"
RBRY11,Rendimento,11/11/2019,19/11/2019,"0,68"
RBRY11,Rendimento,09/10/2019,16/10/2019,"0,66"
RBRY11,Rendimento,10/09/2019,17/09/2019,"0,60"
RBRY11,Rendimento,09/08/2019,16/08/2019,"0,65"
RBRY11,Rendimento,10/07/2019,17/07/2019,"0,87"
RBRY11,Rendimento,11/06/2019,18/06/2019,"0,85"
RBRY11,Rendimento,10/05/2019,17/05/2019,"0,69"
RECR11,Rendimento,07/08/2024,14/08/2024,"0,85"
RECR11,Rendimento,05/07/2024,12/07/2024,"0,81"
RECR11,Rendimento,07/06/2024,14/06/2024,"0,76"
RECR11,Rendimento,08/05/2024,15/05/2024,"1,29"
RECR11,Rendimento,05/04/2024,12/04/2024,"0,94"
RECR11,Rendimento,07/03/2024,14/03/2024,"0,88"
RECR11,Rendimento,07/02/2024,16/02/2024,"0,81"
RECR11,Rendimento,08/01/2024,15/01/2024,"0,76"
RECR11,Rendimento,07/12/2023,14/12/2023,"0,78"
RECR11,Rendimento,08/11/2023,16/11/2023,"0,78"
RECR11,Rendimento,06/10/2023,16/10/2023,"0,75"
RECR11,Rendimento,08/09/2023,15/09/2023,"0,60"
RECR11,Rendimento,07/08/2023,14/08/2023,"0,71"
RECR11,Rendimento,07/07/2023,14/07/2023,"0,91"
RECR11,Rendimento,07/06/2023,15/06/2023,"1,23"
RECR11,Rendimento,08/05/2023,15/05/2023,"1,01"
RECR11,Rendimento,10/04/2023,17/04/2023,"1,26"
RECR11,Rendimento,07/03/2023,14/03/2023,"0,91"
RECR11,Rendimento,07/02/2023,14/02/2023,"0,99"
RECR11,Rendimento,06/01/2023,13/01/2023,"0,92"
RECR11,Rendimento,07/12/2022,14/12/2022,"0,74"
RECR11,Rendimento,08/11/2022,16/11/2022,"0,44"
RECR11,Rendimento,07/10/2022,17/10/2022,"0,60"
RECR11,Rendimento,08/09/2022,15/09/2022,"0,80"
RECR11,Rendimento,05/08/2022,12/08/2022,"1,02"
RECR11,Rendimento,07/07/2022,14/07/2022,"1,15"
RECR11,Rendimento,07/06/2022,14/06/2022,"1,72"
RECR11,Rendimento,06/05/2022,13/05/2022,"1,50"
RECR11,Rendimento,07/04/2022,14/04/2022,"1,37"
RECR11,Rendimento,08/03/2022,15/03/2022,"1,20"
RECR11,Rendimento,07/02/2022,14/02/2022,"1,05"
RECR11,Rendimento,07/01/2022,14/01/2022,"1,46"
RECR11,Rendimento,07/12/2021,14/12/2021,"1,18"
RECR11,Rendimento,08/11/2021,16/11/2021,"1,08"
RECR11,Rendimento,07/10/2021,15/10/2021,"1,09"
RECR11,Rendimento,08/09/2021,15/09/2021,"1,10"
RECR11,Rendimento,06/08/2021,13/08/2021,"1,10"
RECR11,Rendimento,07/07/2021,15/07/2021,"1,20"
RECR11,Rendimento,08/06/2021,15/06/2021,"1,20"
RECR11,Rendimento,07/05/2021,14/05/2021,"1,10"
RECR11,Rendimento,08/04/2021,15/04/2021,"1,00"
RECR11,Rendimento,05/03/2021,12/03/2021,"1,00"
RECR11,Rendimento,05/02/2021,12/02/2021,"1,42"
RECR11,Rendimento,08/01/2021,15/01/2021,"1,67"
RECR11,Rendimento,07/12/2020,14/12/2020,"1,31"
RECR11,Rendimento,09/11/2020,16/11/2020,"1,31"
RECR11,Rendimento,07/10/2020,15/10/2020,"1,31"
RECR11,Rendimento,08/09/2020,15/09/2020,"0,90"
RVBI11,Rendimento,08/08/2024,15/08/2024,"0,75"
RVBI11,Rendimento,08/07/2024,15/07/2024,"0,75"
RVBI11,Rendimento,10/06/2024,17/06/2024,"0,75"
RVBI11,Rendimento,09/05/2024,16/05/2024,"0,75"
RVBI11,Rendimento,08/04/2024,15/04/2024,"0,75"
RVBI11,Rendimento,08/03/2024,15/03/2024,"0,75"
RVBI11,Rendimento,08/02/2024,19/02/2024,"0,75"
RVBI11,Rendimento,09/01/2024,16/01/2024,"0,75"
RVBI11,Rendimento,08/12/2023,15/12/2023,"0,65"
RVBI11,Rendimento,09/11/2023,17/11/2023,"0,75"
RVBI11,Rendimento,09/10/2023,17/10/2023,"0,75"
RVBI11,Rendimento,11/09/2023,18/09/2023,"0,75"
RVBI11,Rendimento,08/08/2023,15/08/2023,"0,75"
RVBI11,Rendimento,10/07/2023,17/07/2023,"0,75"
RVBI11,Rendimento,09/06/2023,16/06/2023,"0,75"
RVBI11,Rendimento,09/05/2023,16/05/2023,"0,75"
RVBI11,Rendimento,11/04/2023,18/04/2023,"0,75"
RVBI11,Rendimento,08/03/2023,15/03/2023,"0,75"
RVBI11,Rendimento,08/02/2023,15/02/2023,"0,75"
RVBI11,Rendimento,09/01/2023,16/01/2023,"0,75"
RVBI11,Rendimento,08/12/2022,15/12/2022,"0,75"
RVBI11,Rendimento,09/11/2022,17/11/2022,"0,75"
RVBI11,Rendimento,10/10/2022,18/10/2022,"0,75"
RVBI11,Rendimento,09/09/2022,16/09/2022,"0,75"
RVBI11,Rendimento,08/08/2022,15/08/2022,"0,75"
RVBI11,Rendimento,08/07/2022,15/07/2022,"0,75"
RVBI11,Rendimento,08/06/2022,15/06/2022,"0,75"
RVBI11,Rendimento,09/05/2022,16/05/2022,"0,75"
RVBI11,Rendimento,08/04/2022,18/04/2022,"0,75"
RVBI11,Rendimento,09/03/2022,16/03/2022,"0,75"
RVBI11,Rendimento,08/02/2022,15/02/2022,"0,75"
RVBI11,Rendimento,10/01/2022,17/01/2022,"0,75"
RVBI11,Rendimento,08/12/2021,15/12/2021,"0,75"
RVBI11,Rendimento,09/11/2021,17/11/2021,"0,75"
RVBI11,Rendimento,08/10/2021,18/10/2021,"0,75"
RVBI11,Rendimento,09/09/2021,16/09/2021,"0,75"
RVBI11,Rendimento,09/08/2021,16/08/2021,"0,75"
RVBI11,Rendimento,08/07/2021,16/07/2021,"0,72"
RVBI11,Rendimento,09/06/2021,16/06/2021,"0,72"
RVBI11,Rendimento,10/05/2021,17/05/2021,"0,72"
RVBI11,Rendimento,09/04/2021,16/04/2021,"0,72"
RVBI11,Rendimento,08/03/2021,16/03/2021,"0,72"
RVBI11,Rendimento,08/02/2021,17/02/2021,"0,69"
RVBI11,Rendimento,11/01/2021,18/01/2021,"0,69"
RVBI11,Rendimento,08/12/2020,15/12/2020,"0,62"
RVBI11,Rendimento,10/11/2020,17/11/2020,"0,62"
RVBI11,Rendimento,08/10/2020,16/10/2020,"0,60"
RVBI11,Rendimento,09/09/2020,16/09/2020,"0,58"
RVBI11,Rendimento,10/08/2020,17/08/2020,"0,53"
RVBI11,Rendimento,08/07/2020,15/07/2020,"0,46"
RVBI11,Rendimento,08/06/2020,16/06/2020,"0,34"
RVBI11,Rendimento,11/05/2020,18/05/2020,"0,33"
RVBI11,Rendimento,13/04/2020,20/04/2020,"0,25"
RZAK11,Rendimento,14/08/2024,21/08/2024,"0,95"
RZAK11,Rendimento,12/07/2024,19/07/2024,"1,00"
RZAK11,Rendimento,14/06/2024,21/06/2024,"1,00"
RZAK11,Rendimento,15/05/2024,22/05/2024,"1,05"
RZAK11,Rendimento,12/04/2024,19/04/2024,"1,11"
RZAK11,Rendimento,14/03/2024,21/03/2024,"1,16"
RZAK11,Rendimento,16/02/2024,23/02/2024,"1,15"
RZAK11,Rendimento,15/01/2024,22/01/2024,"1,12"
RZAK11,Rendimento,14/12/2023,21/12/2023,"1,20"
RZAK11,Rendimento,16/11/2023,23/11/2023,"1,20"
RZAK11,Rendimento,16/10/2023,23/10/2023,"1,30"
RZAK11,Rendimento,15/09/2023,22/09/2023,"1,16"
RZAK11,Rendimento,14/08/2023,21/08/2023,"1,16"
RZAK11,Rendimento,14/07/2023,21/07/2023,"1,20"
RZAK11,Rendimento,15/06/2023,22/06/2023,"1,25"
RZAK11,Rendimento,15/05/2023,22/05/2023,"1,30"
RZAK11,Rendimento,17/04/2023,25/04/2023,"1,11"
RZAK11,Rendimento,14/03/2023,21/03/2023,"1,20"
RZAK11,Rendimento,14/02/2023,23/02/2023,"1,20"
RZAK11,Rendimento,13/01/2023,20/01/2023,"1,40"
RZAK11,Rendimento,14/12/2022,21/12/2022,"1,50"
RZAK11,Rendimento,16/11/2022,23/11/2022,"1,40"
RZAK11,Rendimento,17/10/2022,24/10/2022,"1,45"
RZAK11,Rendimento,15/09/2022,22/09/2022,"1,66"
RZAK11,Rendimento,12/08/2022,19/08/2022,"1,50"
RZAK11,Rendimento,14/07/2022,21/07/2022,"1,65"
RZAK11,Rendimento,14/06/2022,22/06/2022,"1,80"
RZAK11,Rendimento,13/05/2022,20/05/2022,"1,80"
RZAK11,Rendimento,14/04/2022,25/04/2022,"1,20"
RZAK11,Rendimento,15/03/2022,22/03/2022,"1,30"
RZAK11,Rendimento,14/02/2022,21/02/2022,"1,30"
RZAK11,Rendimento,14/01/2022,21/01/2022,"1,32"
RZAK11,Rendimento,14/12/2021,21/12/2021,"1,10"
RZAK11,Rendimento,16/11/2021,23/11/2021,"1,00"
RZAK11,Rendimento,15/10/2021,22/10/2021,"0,75"
RZAK11,Rendimento,15/09/2021,22/09/2021,"0,60"
RZAK11,Rendimento,13/08/2021,20/08/2021,"0,80"
RZAK11,Rendimento,15/07/2021,22/07/2021,"1,04"
RZAK11,Rendimento,15/06/2021,22/06/2021,"0,90"
RZAK11,Rendimento,14/05/2021,21/05/2021,"1,00"
RZAK11,Rendimento,12/03/2021,19/03/2021,"0,50"
RZAK11,Rendimento,15/01/2021,22/01/2021,"0,01"
URPR11,Rendimento,31/07/2024,14/08/2024,"1,00"
URPR11,Rendimento,28/06/2024,12/07/2024,"1,03"
URPR11,Rendimento,31/05/2024,14/06/2024,"1,02"
URPR11,Rendimento,30/04/2024,15/05/2024,"1,10"
URPR11,Rendimento,28/03/2024,12/04/2024,"1,05"
URPR11,Rendimento,29/02/2024,14/03/2024,"1,13"
URPR11,Rendimento,31/01/2024,16/02/2024,"1,10"
URPR11,Rendimento,28/12/2023,15/01/2024,"1,11"
URPR11,Rendimento,30/11/2023,14/12/2023,"1,10"
URPR11,Rendimento,31/10/2023,16/11/2023,"1,18"
URPR11,Rendimento,29/09/2023,16/10/2023,"1,17"
URPR11,Rendimento,31/07/2023,14/08/2023,"1,13"
URPR11,Rendimento,30/06/2023,14/07/2023,"1,34"
URPR11,Rendimento,31/05/2023,15/06/2023,"1,33"
URPR11,Rendimento,28/04/2023,15/05/2023,"1,32"
URPR11,Rendimento,31/03/2023,17/04/2023,"1,33"
URPR11,Rendimento,28/02/2023,14/03/2023,"1,30"
URPR11,Rendimento,31/01/2023,14/02/2023,"1,25"
URPR11,Rendimento,29/12/2022,13/01/2023,"1,21"
URPR11,Rendimento,30/11/2022,14/12/2022,"1,11"
URPR11,Rendimento,31/10/2022,16/11/2022,"1,13"
URPR11,Rendimento,30/09/2022,17/10/2022,"1,31"
URPR11,Rendimento,31/08/2022,15/09/2022,"1,62"
URPR11,Rendimento,29/07/2022,12/08/2022,"1,20"
URPR11,Rendimento,30/06/2022,14/07/2022,"1,85"
URPR11,Rendimento,31/05/2022,14/06/2022,"2,01"
URPR11,Rendimento,29/04/2022,13/05/2022,"1,84"
URPR11,Rendimento,31/03/2022,14/04/2022,"1,65"
URPR11,Rendimento,25/02/2022,15/03/2022,"1,64"
URPR11,Rendimento,31/01/2022,14/02/2022,"1,63"
URPR11,Rendimento,30/12/2021,14/01/2022,"1,67"
URPR11,Rendimento,30/11/2021,14/12/2021,"1,87"
URPR11,Rendimento,29/10/2021,16/11/2021,"1,37"
URPR11,Rendimento,30/09/2021,15/10/2021,"2,17"
URPR11,Rendimento,31/08/2021,15/09/2021,"2,01"
URPR11,Rendimento,30/07/2021,13/08/2021,"1,48"
URPR11,Rendimento,30/06/2021,14/07/2021,"2,40"
URPR11,Rendimento,31/05/2021,15/06/2021,"2,06"
URPR11,Rendimento,30/04/2021,14/05/2021,"1,19"
URPR11,Rendimento,31/03/2021,15/04/2021,"2,87"
URPR11,Rendimento,26/02/2021,12/03/2021,"2,09"
URPR11,Rendimento,29/01/2021,12/02/2021,"2,25"
URPR11,Rendimento,30/12/2020,15/01/2021,"2,01"
URPR11,Rendimento,30/11/2020,14/12/2020,"2,04"
URPR11,Rendimento,30/10/2020,13/11/2020,"3,24"
URPR11,Rendimento,30/09/2020,15/10/2020,"2,15"
URPR11,Rendimento,31/08/2020,15/09/2020,"1,35"
URPR11,Rendimento,31/07/2020,14/08/2020,"0,81"
URPR11,Rendimento,30/06/2020,15/07/2020,"1,56"
URPR11,Rendimento,29/05/2020,15/06/2020,"0,78"
URPR11,Rendimento,30/04/2020,11/05/2020,"0,62"
URPR11,Rendimento,14/04/2020,15/04/2020,"0,19"
VCJR11,Rendimento,31/07/2024,13/08/2024,"1,00"
VCJR11,Rendimento,28/06/2024,11/07/2024,"0,90"
VCJR11,Rendimento,31/05/2024,13/06/2024,"0,80"
VCJR11,Rendimento,30/04/2024,14/05/2024,"1,20"
VCJR11,Rendimento,28/03/2024,11/04/2024,"1,03"
VCJR11,Rendimento,29/02/2024,13/03/2024,"1,00"
VCJR11,Rendimento,31/01/2024,15/02/2024,"0,97"
VCJR11,Rendimento,28/12/2023,12/01/2024,"0,90"
VCJR11,Rendimento,30/11/2023,13/12/2023,"0,90"
VCJR11,Rendimento,31/10/2023,14/11/2023,"0,75"
VCJR11,Rendimento,29/09/2023,13/10/2023,"0,65"
VCJR11,Rendimento,31/08/2023,14/09/2023,"0,55"
VCJR11,Rendimento,31/07/2023,11/08/2023,"0,70"
VCJR11,Rendimento,30/06/2023,13/07/2023,"1,00"
VCJR11,Rendimento,31/05/2023,14/06/2023,"1,25"
VCJR11,Rendimento,28/04/2023,12/05/2023,"1,10"
VCJR11,Rendimento,31/03/2023,14/04/2023,"1,20"
VCJR11,Rendimento,28/02/2023,13/03/2023,"0,95"
VCJR11,Rendimento,31/01/2023,13/02/2023,"1,08"
VCJR11,Rendimento,29/12/2022,12/01/2023,"1,00"
VCJR11,Rendimento,30/11/2022,13/12/2022,"0,43"
VCJR11,Rendimento,31/10/2022,14/11/2022,"0,25"
VCJR11,Rendimento,30/09/2022,14/10/2022,"0,15"
VCJR11,Rendimento,31/08/2022,14/09/2022,"0,70"
VCJR11,Rendimento,29/07/2022,11/08/2022,"1,00"
VCJR11,Rendimento,30/06/2022,13/07/2022,"1,30"
VCJR11,Rendimento,31/05/2022,13/06/2022,"1,75"
VCJR11,Rendimento,29/04/2022,12/05/2022,"1,49"
VCJR11,Rendimento,31/03/2022,13/04/2022,"1,13"
VCJR11,Rendimento,25/02/2022,14/03/2022,"1,08"
VCJR11,Rendimento,31/01/2022,11/02/2022,"1,25"
VCJR11,Rendimento,30/12/2021,13/01/2022,"1,55"
VCJR11,Rendimento,30/11/2021,13/12/2021,"1,45"
VCJR11,Rendimento,29/10/2021,12/11/2021,"1,19"
VCJR11,Rendimento,30/09/2021,14/10/2021,"1,22"
VCJR11,Rendimento,31/08/2021,14/09/2021,"1,00"
VCJR11,Rendimento,30/07/2021,12/08/2021,"0,96"
VCJR11,Rendimento,30/06/2021,13/07/2021,"0,75"
VCJR11,Rendimento,31/05/2021,14/06/2021,"0,79"
VCJR11,Rendimento,30/04/2021,13/05/2021,"0,75"
VCJR11,Rendimento,31/03/2021,14/04/2021,"0,60"
VCJR11,Rendimento,26/02/2021,11/03/2021,"0,59"
VCJR11,Rendimento,29/01/2021,11/02/2021,"0,87"
VCJR11,Rendimento,30/12/2020,14/01/2021,"1,21"
VCJR11,Rendimento,30/11/2020,11/12/2020,"0,92"
VCJR11,Rendimento,30/10/2020,13/11/2020,"0,80"
VCJR11,Rendimento,30/09/2020,14/10/2020,"0,70"
VCJR11,Rendimento,31/08/2020,14/09/2020,"0,61"
VCJR11,Rendimento,31/07/2020,13/08/2020,"0,34"
VCJR11,Rendimento,30/06/2020,13/07/2020,"0,62"
VCJR11,Rendimento,29/05/2020,12/06/2020,"0,25"
VCJR11,Rendimento,30/04/2020,14/05/2020,"0,40"
VCJR11,Rendimento,31/03/2020,14/04/2020,"0,40"
VCJR11,Rendimento,28/02/2020,12/03/2020,"0,31"
VCJR11,Rendimento,31/01/2020,13/02/2020,"0,31"
VCJR11,Rendimento,30/12/2019,14/01/2020,"0,23"
VCJR11,Rendimento,29/11/2019,12/12/2019,"0,18"
VGIP11,Rendimento,12/08/2024,19/08/2024,"0,88"
VGIP11,Rendimento,10/07/2024,17/07/2024,"0,95"
VGIP11,Rendimento,12/06/2024,19/06/2024,"0,72"
VGIP11,Rendimento,13/05/2024,20/05/2024,"1,08"
VGIP11,Rendimento,10/04/2024,17/04/2024,"0,88"
VGIP11,Rendimento,12/03/2024,19/03/2024,"0,83"
VGIP11,Rendimento,14/02/2024,21/02/2024,"0,80"
VGIP11,Rendimento,11/01/2024,18/01/2024,"0,76"
VGIP11,Rendimento,12/12/2023,19/12/2023,"0,70"
VGIP11,Rendimento,13/11/2023,21/11/2023,"0,80"
VGIP11,Rendimento,11/10/2023,19/10/2023,"0,80"
VGIP11,Rendimento,13/09/2023,20/09/2023,"0,64"
VGIP11,Rendimento,10/08/2023,17/08/2023,"0,85"
VGIP11,Rendimento,12/07/2023,19/07/2023,"1,00"
VGIP11,Rendimento,13/06/2023,20/06/2023,"1,09"
VGIP11,Rendimento,11/05/2023,18/05/2023,"1,20"
VGIP11,Rendimento,13/04/2023,20/04/2023,"1,10"
VGIP11,Rendimento,10/03/2023,17/03/2023,"0,87"
VGIP11,Rendimento,10/02/2023,17/02/2023,"0,80"
VGIP11,Rendimento,11/01/2023,18/01/2023,"0,82"
VGIP11,Rendimento,12/12/2022,19/12/2022,"0,45"
VGIP11,Rendimento,11/11/2022,21/11/2022,"0,45"
VGIP11,Rendimento,13/10/2022,20/10/2022,"0,45"
VGIP11,Rendimento,13/09/2022,20/09/2022,"1,00"
VGIP11,Rendimento,10/08/2022,17/08/2022,"1,00"
VGIP11,Rendimento,12/07/2022,19/07/2022,"1,42"
VGIP11,Rendimento,10/06/2022,20/06/2022,"1,75"
VGIP11,Rendimento,11/05/2022,18/05/2022,"1,50"
VGIP11,Rendimento,12/04/2022,20/04/2022,"1,40"
VGIP11,Rendimento,11/03/2022,18/03/2022,"1,20"
VGIP11,Rendimento,10/02/2022,17/02/2022,"1,28"
VGIP11,Rendimento,12/01/2022,19/01/2022,"1,65"
VGIP11,Rendimento,10/12/2021,17/12/2021,"1,55"
VGIP11,Rendimento,11/11/2021,19/11/2021,"1,25"
VGIP11,Rendimento,13/10/2021,20/10/2021,"1,30"
VGIP11,Rendimento,13/09/2021,20/09/2021,"0,91"
VGIP11,Rendimento,11/08/2021,18/08/2021,"1,20"
VGIP11,Rendimento,13/07/2021,20/07/2021,"0,95"
VGIP11,Rendimento,11/06/2021,18/06/2021,"1,04"
VGIP11,Rendimento,12/05/2021,19/05/2021,"0,93"
VGIP11,Rendimento,13/04/2021,20/04/2021,"0,85"
VGIP11,Rendimento,10/03/2021,17/03/2021,"1,15"
VGIP11,Rendimento,10/02/2021,19/02/2021,"1,16"
VGIP11,Rendimento,13/01/2021,20/01/2021,"1,54"
VGIP11,Rendimento,10/12/2020,17/12/2020,"1,25"
VGIP11,Rendimento,12/11/2020,19/11/2020,"1,00"
VGIP11,Rendimento,13/10/2020,20/10/2020,"0,85"
VGIP11,Rendimento,11/09/2020,18/09/2020,"0,75"
VGIP11,Rendimento,12/08/2020,19/08/2020,"0,70"
VGIP11,Rendimento,10/07/2020,17/07/2020,"0,66"
VGIP11,Rendimento,10/06/2020,18/06/2020,"0,75"
VGIP11,Rendimento,13/05/2020,20/05/2020,"1,04"
XPCI11,Rendimento,31/07/2024,14/08/2024,"0,87"
XPCI11,Rendimento,28/06/2024,12/07/2024,"1,00"
XPCI11,Rendimento,31/05/2024,14/06/2024,"0,87"
XPCI11,Rendimento,30/04/2024,15/05/2024,"0,90"
XPCI11,Rendimento,28/03/2024,12/04/2024,"0,90"
XPCI11,Rendimento,29/02/2024,14/03/2024,"0,90"
XPCI11,Rendimento,31/01/2024,16/02/2024,"0,90"
XPCI11,Rendimento,28/12/2023,15/01/2024,"0,76"
XPCI11,Rendimento,30/11/2023,14/12/2023,"0,80"
XPCI11,Rendimento,31/10/2023,16/11/2023,"0,95"
XPCI11,Rendimento,29/09/2023,16/10/2023,"0,95"
XPCI11,Rendimento,29/09/2023,13/10/2023,"0,95"
XPCI11,Rendimento,31/08/2023,15/09/2023,"0,90"
XPCI11,Rendimento,31/07/2023,14/08/2023,"1,00"
XPCI11,Rendimento,30/06/2023,14/07/2023,"0,91"
XPCI11,Rendimento,31/05/2023,15/06/2023,"0,93"
XPCI11,Rendimento,28/04/2023,15/05/2023,"0,87"
XPCI11,Rendimento,31/03/2023,17/04/2023,"0,95"
XPCI11,Rendimento,28/02/2023,14/03/2023,"1,00"
XPCI11,Rendimento,31/01/2023,14/02/2023,"0,96"
XPCI11,Rendimento,29/12/2022,13/01/2023,"0,72"
XPCI11,Rendimento,30/11/2022,14/12/2022,"0,60"
XPCI11,Rendimento,31/10/2022,16/11/2022,"0,67"
XPCI11,Rendimento,30/09/2022,17/10/2022,"0,88"
XPCI11,Rendimento,31/08/2022,15/09/2022,"0,96"
XPCI11,Rendimento,29/07/2022,12/08/2022,"1,02"
XPCI11,Rendimento,30/06/2022,14/07/2022,"1,05"
XPCI11,Rendimento,31/05/2022,14/06/2022,"1,22"
XPCI11,Rendimento,29/04/2022,13/05/2022,"1,18"
XPCI11,Rendimento,31/03/2022,14/04/2022,"1,13"
XPCI11,Rendimento,25/02/2022,15/03/2022,"1,10"
XPCI11,Rendimento,31/01/2022,14/02/2022,"1,10"
XPCI11,Rendimento,30/12/2021,14/01/2022,"0,97"
XPCI11,Rendimento,30/11/2021,14/12/2021,"0,92"
XPCI11,Rendimento,29/10/2021,16/11/2021,"1,00"
XPCI11,Rendimento,30/09/2021,15/10/2021,"1,00"
XPCI11,Rendimento,31/08/2021,15/09/2021,"0,87"
XPCI11,Rendimento,30/07/2021,13/08/2021,"0,93"
XPCI11,Rendimento,30/06/2021,14/07/2021,"1,00"
XPCI11,Rendimento,31/05/2021,15/06/2021,"1,00"
XPCI11,Rendimento,30/04/2021,14/05/2021,"0,90"
XPCI11,Rendimento,31/03/2021,15/04/2021,"0,90"
XPCI11,Rendimento,26/02/2021,12/03/2021,"0,85"
XPCI11,Rendimento,29/01/2021,12/02/2021,"0,80"
XPCI11,Rendimento,30/12/2020,15/01/2021,"0,75"
XPCI11,Rendimento,30/11/2020,14/12/2020,"0,63"
XPCI11,Rendimento,30/10/2020,13/11/2020,"0,63"
XPCI11,Rendimento,30/09/2020,15/10/2020,"0,58"
XPCI11,Rendimento,31/08/2020,15/09/2020,"0,60"
XPCI11,Rendimento,31/07/2020,14/08/2020,"0,57"
XPCI11,Rendimento,30/06/2020,15/07/2020,"0,54"
XPCI11,Rendimento,29/05/2020,15/06/2020,"0,54"
XPCI11,Rendimento,30/04/2020,15/05/2020,"0,57"
XPCI11,Rendimento,31/03/2020,14/04/2020,"0,61"
XPCI11,Rendimento,28/02/2020,13/03/2020,"0,65"
XPCI11,Rendimento,31/01/2020,14/02/2020,"0,62"
XPCI11,Rendimento,30/12/2019,15/01/2020,"0,64"
